,duration_month,credit_history,purpose,savings_acc,employment_st,poi,personal_status,resident_since,property_type,age,installment_type,housing_type,credits_no,job_type,liables,telephone
590,12,4,4,0,3,4.0,1,3,0,58.0,2,1,4,1,1,1
448,12,2,3,4,4,3.0,1,4,0,55.0,2,1,1,3,1,1
151,10,2,4,0,2,1.0,2,4,1,38.0,2,1,1,2,1,1
695,12,2,4,0,3,4.0,2,3,0,29.0,2,1,2,2,1,0
389,9,2,9,0,3,3.0,1,2,2,27.0,2,1,2,2,1,0
622,48,2,9,4,2,4.0,0,2,0,38.0,0,1,1,2,1,0
311,24,2,3,1,2,4.0,2,1,2,25.0,1,1,1,2,1,0
683,36,3,9,1,3,1.0,2,3,1,31.0,2,1,2,1,2,1
515,6,4,0,0,3,4.0,1,3,1,37.0,2,1,2,2,1,0
806,48,2,7,0,3,3.6452865502986658,2,3,2,49.645286550298664,1,1,1,2,1,0
873,36,3,6,0,2,3.008136159216854,1,1,2,24.991863840783147,2,1,1,2,1,0
841,48,1,2,4,1,4.0,2,3,2,36.56173342750246,1,1,1,2,1,1
110,6,3,9,1,4,1.0,0,2,2,31.0,0,1,2,2,2,0
355,24,2,0,0,1,4.0,2,2,0,23.0,1,1,1,1,1,0
634,24,2,0,0,1,3.0,1,4,2,25.0,2,1,1,1,1,1
615,48,0,9,4,2,2.0,2,2,2,48.0,0,1,1,3,1,1
368,36,2,3,0,4,4.0,2,2,2,42.0,2,1,1,2,2,0
272,48,1,0,4,0,4.0,2,4,3,36.0,2,2,1,3,1,1
931,39,2,1,0,3,3.366983930503814,2,2,1,45.0,2,1,1,2,1,0
164,36,2,0,2,4,4.0,2,4,1,36.0,2,1,1,2,1,0
255,60,3,4,4,2,1.0,2,1,0,27.0,2,1,1,1,1,0
104,12,2,1,4,1,2.0,3,4,2,26.0,2,0,1,2,1,1
322,24,2,1,0,3,2.0,2,1,3,34.0,2,2,1,3,1,1
493,6,2,4,4,4,4.0,2,4,1,38.0,2,1,1,2,1,0
1022,12,4,6,0,2,4.0,2,2,1,31.920455648977168,2,1,2,2,1,0
417,18,3,7,4,2,1.0,1,2,2,23.0,2,0,2,2,1,1
1057,12,4,3,0,1,3.7585849789217076,1,4,0,22.879292489460855,2,0,2,1,1,0
363,6,2,3,0,2,1.0,3,2,1,21.0,2,0,1,2,1,0
137,12,2,4,2,2,4.0,2,3,0,66.0,2,1,1,1,1,0
627,9,1,0,1,3,2.0,2,3,3,29.0,2,1,1,2,1,0
720,6,1,7,3,1,4.0,1,2,1,24.0,0,0,1,2,2,0
655,14,2,0,0,0,1.0,2,4,3,22.0,2,2,1,2,1,0
446,36,2,0,0,1,4.0,1,4,2,34.0,2,1,1,2,1,1
422,12,4,0,0,3,2.0,2,3,0,47.0,2,1,2,1,2,0
201,12,2,0,0,2,4.0,3,3,0,27.0,2,1,1,1,1,0
997,12,4,7,0,2,4.0,1,2,1,31.062565139068862,2,1,2,2,1,0
32,18,2,0,1,2,2.0,2,2,2,30.0,2,1,2,2,1,1
383,12,2,0,0,1,4.0,2,1,0,26.0,2,1,1,2,1,0
17,30,0,9,4,1,2.0,2,3,2,25.0,0,1,3,2,1,0
865,48,2,0,0,3,3.4643382701748804,2,2,1,24.928676540349763,2,1,1,2,1,0
732,24,2,1,3,2,2.0,1,4,2,28.0,2,0,1,2,1,1
144,21,4,3,0,1,4.0,1,4,1,23.0,2,1,1,2,1,1
333,48,4,1,1,2,2.0,1,4,2,24.0,0,0,2,1,1,0
361,12,2,4,4,4,2.0,2,3,2,37.0,2,1,1,3,1,0
205,30,4,1,0,4,3.0,2,4,3,38.0,2,2,3,3,2,1
886,13,2,0,0,4,1.2389813460646182,0,4,1,45.95592538425847,2,0,1,2,1,1
676,24,4,3,0,4,4.0,2,4,2,33.0,2,1,1,2,1,1
345,15,4,4,0,2,4.0,1,2,2,43.0,2,1,1,1,1,0
441,12,2,3,0,2,2.0,1,3,1,30.0,2,1,1,2,1,0
187,16,4,0,0,0,2.0,2,3,2,68.0,2,2,3,0,1,1
770,36,4,7,0,2,3.0,1,2,3,25.0,2,1,2,3,1,1
65,27,2,6,4,4,4.0,2,4,1,48.0,2,1,4,2,2,1
120,21,2,4,0,2,3.0,1,2,0,25.0,2,1,2,2,1,1
914,27,1,5,4,3,4.0,1,3,0,48.35597004278033,1,1,3,2,1,1
299,21,4,3,3,3,3.0,2,2,2,32.0,2,1,2,2,1,1
20,9,4,0,0,2,4.0,2,4,2,48.0,2,1,3,2,1,1
468,33,3,9,0,2,2.0,1,2,2,26.0,2,1,2,2,1,1
855,30,0,9,1,1,2.0,1,1,2,26.681321942036462,1,1,2,2,1,0
232,12,2,4,1,3,3.0,2,1,3,35.0,2,1,1,2,1,0
309,9,2,0,0,2,4.0,3,4,0,22.0,2,0,1,1,1,0
577,24,4,7,4,2,3.0,1,2,2,33.0,2,1,2,2,1,1
587,12,2,3,0,2,4.0,2,1,1,21.0,2,1,1,1,1,0
860,7,1,0,3,0,1.4698801151920176,2,2,1,24.203761883646216,2,0,1,0,1,1
127,12,2,6,0,2,4.0,2,2,2,30.0,2,1,1,2,1,0
1028,15,2,3,2,4,4.0,2,3,1,46.4036621814799,0,1,1,2,1,0
798,9,2,0,4,1,4.0,2,2,0,35.0,2,1,1,0,1,0
230,36,2,4,0,2,4.0,2,2,2,26.0,2,1,1,2,1,0
753,12,3,6,3,4,4.0,2,4,3,55.0,2,2,2,2,2,0
271,12,4,3,2,3,3.0,1,4,2,37.0,2,0,1,2,1,1
419,18,2,0,4,2,4.0,1,2,1,33.0,2,1,1,2,1,0
207,12,4,5,0,3,4.0,2,3,1,26.0,2,1,1,2,1,0
145,48,1,9,1,3,4.0,2,2,2,30.0,2,1,1,2,1,0
532,12,3,1,0,2,4.0,3,4,0,41.0,2,0,1,2,1,0
861,24,2,1,3,3,2.8790267074009326,2,3,2,40.758053414801864,2,1,1,3,2,1
963,12,4,4,0,4,4.0,2,4,0,53.813632906497034,2,1,2,2,1,0
1045,6,3,8,0,3,1.0345287813667512,0,1,1,30.9309424372665,0,1,1,2,1,0
460,36,2,3,0,2,1.0,2,2,1,37.0,2,1,1,2,2,0
435,12,2,4,4,2,2.0,3,1,0,25.0,2,1,1,2,1,1
497,24,4,3,0,3,4.0,2,3,1,40.0,2,1,2,2,1,0
267,24,2,4,0,1,4.0,1,3,2,38.0,1,1,1,2,1,1
229,24,2,3,0,1,4.0,2,1,3,22.0,0,2,1,2,1,0
276,18,4,4,0,2,2.0,1,2,2,26.0,2,1,2,2,1,0
761,12,2,4,0,2,4.0,2,3,1,24.0,2,1,1,1,1,0
469,24,3,1,0,3,3.0,2,3,2,35.0,2,1,2,1,1,1
282,18,1,4,4,3,4.0,2,4,2,49.0,0,1,1,1,1,0
125,12,4,0,0,2,4.0,2,2,1,30.0,2,1,2,2,1,0
174,21,3,7,0,1,2.0,2,1,1,26.0,2,1,2,2,1,0
58,18,2,0,0,4,3.0,1,2,2,23.0,2,1,1,3,1,0
320,30,4,0,0,0,4.0,3,2,2,28.0,2,1,2,3,1,0
961,24,2,4,1,3,4.0,2,2,1,26.002734792837668,2,1,1,2,1,0
795,18,2,1,4,4,1.0,2,4,1,51.0,2,2,1,2,2,1
53,18,2,1,4,2,2.0,2,1,1,31.0,2,1,1,2,1,1
831,15,2,0,1,4,1.0768185921379125,1,4,3,35.07681859213791,2,2,1,2,1,0
1052,24,2,1,0,2,4.0,2,3,3,38.0,0,1,1,2,2,0
1013,12,3,4,0,2,4.0,2,2,0,26.953907583255862,2,1,1,2,1,0
1049,18,2,4,0,2,4.0,1,3,0,25.675075055772766,2,1,1,1,1,0
684,60,2,0,4,2,4.0,2,4,3,34.0,2,2,1,2,2,1
318,12,4,7,0,2,4.0,2,2,2,32.0,2,1,2,2,1,0
450,36,4,1,4,2,4.0,2,2,2,30.0,2,1,1,3,1,1
913,30,1,9,0,2,2.0,1,1,1,26.86687727548451,2,1,2,1,1,0
780,24,4,0,3,4,4.0,2,4,0,60.0,2,1,1,2,1,1
60,9,2,9,0,2,2.0,3,1,0,27.0,0,1,1,2,1,1
563,36,2,0,4,2,1.0,2,4,3,37.0,2,2,1,2,1,1
140,6,2,0,3,1,2.0,3,2,0,27.0,2,1,1,0,1,0
228,9,2,4,0,3,4.0,2,2,2,22.0,2,1,1,2,1,0
231,9,2,0,2,4,2.0,2,4,3,51.0,2,2,1,1,1,0
305,6,2,3,3,2,2.951715374841169,0,2,0,33.0,2,1,1,2,1,0
312,24,2,3,0,1,2.0,1,4,2,26.0,2,1,1,2,1,0
273,48,2,4,0,3,4.0,2,4,0,28.0,2,1,2,2,1,0
21,6,2,4,2,2,2.0,2,3,0,44.0,2,0,1,2,2,0
951,48,0,3,0,2,3.1953860452666265,2,3,3,52.41384186420012,2,2,1,2,1,0
335,6,4,3,0,2,1.0,0,4,0,44.0,2,0,1,3,1,1
288,12,2,4,0,2,4.0,1,4,0,49.0,2,1,2,2,1,1
790,24,2,1,4,4,3.0,2,4,2,41.0,2,1,1,3,2,1
470,24,2,4,1,1,3.0,3,2,2,22.0,2,0,1,2,1,1
562,6,3,4,0,1,2.0,1,1,1,29.0,0,1,1,2,1,0
854,24,2,1,0,4,3.8152930007654597,1,2,3,44.0,2,2,1,2,1,0
829,16,2,0,0,2,3.0,2,2,1,29.306713820093687,2,0,1,1,1,0
530,36,2,7,0,3,3.0,2,1,2,32.0,2,1,2,2,2,0
612,21,2,4,3,1,4.0,1,2,2,29.0,0,1,1,2,1,0
1005,12,2,0,0,2,1.8618458103278592,0,2,1,36.27630837934428,2,1,1,1,1,0
552,48,2,4,0,3,1.0,3,1,0,34.0,2,1,2,2,1,1
136,27,3,1,3,2,2.0,2,2,2,27.0,2,1,2,2,1,0
324,18,4,0,0,2,4.0,1,3,0,36.0,2,1,2,2,1,0
969,6,1,0,3,1,1.1834765563744174,2,2,0,26.18347655637442,1,1,1,0,1,0
701,24,2,4,1,4,4.0,1,2,3,47.0,2,2,1,2,1,1
776,18,2,4,0,3,4.0,1,1,0,25.0,2,1,1,2,1,0
434,9,2,3,0,2,3.0,2,2,0,25.0,2,1,1,2,1,0
800,20,1,9,0,3,1.0,2,2,0,34.414566611387485,0,1,1,2,1,1
88,18,2,0,1,3,4.0,2,3,2,30.0,2,1,1,3,2,1
749,6,2,3,0,4,2.0,1,1,1,49.0,0,1,1,2,1,1
763,24,4,0,1,3,4.0,3,3,1,27.0,2,1,2,2,1,1
1041,11,2,0,0,2,4.0,0,2,0,49.0,2,1,1,1,1,0
545,24,3,0,0,0,4.0,2,2,0,43.0,2,2,2,2,2,0
203,12,2,8,0,3,4.0,3,4,1,21.0,2,0,1,2,1,0
94,12,2,0,3,4,2.951715374841169,2,4,0,54.0,2,1,1,2,1,1
481,24,2,0,0,1,4.0,2,1,1,26.0,2,1,1,2,1,0
826,39,2,1,0,3,3.8469076848020274,2,2,1,45.0,2,1,1,2,1,0
667,48,1,9,0,2,1.0,1,1,0,27.0,1,1,1,2,1,0
718,20,0,1,1,4,3.0,3,4,2,31.0,0,1,2,2,1,1
184,18,4,0,0,4,4.0,2,4,2,36.0,0,1,1,2,2,1
924,35,2,1,0,2,2.332142339510794,2,2,2,35.0,2,0,1,3,1,1
778,18,2,6,0,0,2.0,1,4,2,67.0,2,1,1,2,1,1
766,10,2,1,4,1,1.0,1,4,0,31.0,2,0,1,2,1,0
1033,12,4,4,0,4,4.0,2,4,0,53.99365487476844,2,1,2,2,1,0
514,24,2,0,4,1,4.0,2,1,1,54.0,2,1,1,2,1,0
87,36,2,7,1,2,1.0,2,4,3,47.0,2,2,1,2,2,1
141,36,2,4,0,1,4.0,1,1,3,30.0,2,1,1,3,1,1
321,24,2,4,0,1,4.0,0,3,1,32.0,2,1,1,2,1,0
398,12,2,0,0,4,1.0,0,1,0,46.0,2,0,2,2,1,0
714,30,4,1,4,4,1.0,2,4,2,63.0,2,1,2,2,1,0
857,60,2,4,0,3,2.0,1,4,1,21.0,2,1,1,2,1,1
399,24,4,4,3,2,4.0,1,1,0,43.0,2,1,2,1,1,0
139,12,2,4,0,2,2.0,1,2,2,44.0,2,0,1,1,1,1
224,15,2,1,0,2,3.0,2,2,2,30.0,2,1,1,2,1,1
142,27,2,4,0,2,3.0,2,2,2,27.0,2,1,1,3,1,0
902,36,3,4,0,2,2.0,1,2,2,31.042952249739198,1,0,1,2,1,0
788,40,4,7,0,2,4.0,2,3,3,27.0,0,1,1,2,1,1
671,36,2,9,1,3,2.0,2,2,2,31.0,2,1,2,2,1,1
700,48,4,1,0,4,4.0,2,4,3,46.0,2,2,2,2,1,1
864,48,2,3,0,1,1.5090426594472293,1,2,0,23.963829362211083,2,1,1,2,1,0
494,12,4,0,0,2,3.0,2,2,0,39.0,2,0,2,1,2,0
991,12,2,0,0,1,4.0,2,1,0,26.0,2,1,1,2,1,0
452,12,0,3,0,4,2.0,2,4,1,34.0,2,1,2,2,1,0
16,24,4,4,4,4,4.0,2,4,1,53.0,2,1,2,2,1,0
77,11,3,4,0,3,2.0,2,4,1,51.0,2,1,1,2,1,0
662,21,2,3,0,4,4.0,2,2,0,50.0,2,1,2,2,1,0
858,14,2,0,0,2,2.7608736068570945,2,2,2,30.47825278628581,2,1,1,2,1,0
618,30,2,3,1,2,2.0,1,4,2,21.0,2,0,1,2,1,0
722,9,2,4,2,2,4.0,1,3,0,66.0,2,1,1,1,1,0
6,24,2,3,2,4,3.0,2,4,1,53.0,2,1,1,2,1,0
380,20,2,3,4,3,4.0,2,4,2,39.0,2,1,1,2,1,1
599,24,3,9,0,2,1.0,2,2,3,32.0,2,2,1,2,1,0
404,18,3,0,4,4,4.0,2,4,2,43.0,2,1,1,2,2,0
542,30,2,3,4,4,4.0,2,4,1,31.0,2,1,1,2,1,0
1008,9,2,1,0,2,2.853059708381464,1,3,1,64.85305970838147,2,1,1,1,1,0
674,21,3,9,2,1,4.0,2,2,0,41.0,0,1,1,1,2,0
946,48,4,5,0,2,1.3301329765548027,1,3,2,30.669867023445196,0,1,1,2,1,1
984,14,2,4,0,1,4.0,3,1,0,26.74036095179289,1,1,1,1,1,0
310,48,2,2,4,0,3.0,2,4,3,40.0,0,2,1,0,1,1
281,12,2,3,0,2,4.0,2,2,0,50.0,2,1,1,2,1,0
793,24,2,3,2,4,2.951715374841169,2,3,3,32.0,2,0,1,2,1,1
293,42,4,1,0,4,4.0,2,4,3,56.0,2,2,1,2,1,0
403,14,3,0,0,2,4.0,2,2,2,27.0,2,1,2,1,1,0
569,48,2,4,0,2,3.0,1,2,2,31.0,2,1,1,2,1,1
970,15,3,0,0,0,2.4418632926956287,2,3,1,67.55813670730437,2,1,2,0,1,0
768,12,4,4,0,4,2.0,2,4,0,63.0,2,1,2,1,1,1
967,12,2,7,0,2,3.5419776327479333,2,4,1,39.54197763274793,2,0,1,1,1,0
760,18,4,3,0,2,4.0,1,4,0,24.0,2,0,2,2,1,0
416,12,2,0,0,1,4.0,2,1,0,33.0,2,1,1,1,2,0
443,12,2,7,0,4,4.0,2,4,2,41.0,0,1,1,1,2,0
660,12,2,4,0,2,3.0,3,4,0,23.0,2,0,1,2,1,0
149,18,4,4,3,4,4.0,2,4,2,46.0,2,1,2,2,1,0
13,24,4,0,0,4,4.0,2,4,2,60.0,2,1,2,1,1,0
918,26,2,1,0,3,1.2815218817785334,2,2,2,29.718478118221466,1,1,2,3,1,1
495,24,2,3,4,2,2.0,3,4,2,20.0,2,1,1,2,1,0
2,12,4,7,0,3,2.0,2,3,0,49.0,2,1,1,1,2,0
609,15,2,1,4,4,4.0,2,4,3,45.0,0,2,1,2,2,0
19,24,2,4,2,4,3.0,2,2,2,31.0,2,1,1,2,2,1
275,9,2,4,0,2,1.0,2,2,0,32.0,2,1,1,2,2,0
1032,10,2,4,0,2,2.0,2,2,1,37.26278232187865,2,1,1,1,1,0
647,12,2,0,2,2,2.0,1,2,1,26.0,2,1,1,2,1,0
785,22,2,4,2,4,3.0,2,4,2,40.0,2,1,1,2,1,0
705,48,2,0,1,3,3.0,2,2,1,24.0,2,1,1,2,1,0
433,24,4,6,0,2,4.0,0,2,0,33.0,2,1,2,2,1,1
781,12,0,8,0,2,2.0,2,2,0,31.0,2,1,1,1,1,1
629,9,2,7,4,4,1.0,2,4,0,64.0,2,1,1,1,1,0
15,24,2,4,1,2,4.0,1,2,2,32.0,2,1,1,1,1,0
509,39,2,1,1,4,4.0,2,2,2,45.0,2,1,1,3,1,1
872,25,2,1,3,1,1.5794206502551287,1,2,1,28.261738049234616,2,1,1,2,1,0
73,42,4,9,0,3,2.0,1,1,0,41.0,0,1,2,1,1,0
759,15,4,0,4,4,1.0,1,4,2,59.0,2,1,1,2,1,1
1030,4,1,0,4,1,1.0,2,2,0,27.865193512598527,1,1,1,1,2,0
168,24,2,3,0,3,2.0,1,4,1,25.0,2,0,1,2,1,1
703,27,2,9,0,1,4.0,1,1,1,32.0,2,1,1,2,2,1
635,12,2,7,0,4,4.0,2,4,1,47.0,0,1,3,2,2,1
726,18,2,4,0,2,4.0,1,4,2,25.0,0,0,2,2,1,0
863,24,3,2,0,3,3.6659812401916545,2,3,2,33.66803751961669,2,1,1,1,1,1
687,9,2,4,1,4,3.0,2,4,2,35.0,2,1,1,2,1,1
952,11,2,0,4,0,1.0,1,3,1,20.487511199514113,2,0,1,1,1,0
24,10,4,3,4,2,2.0,3,1,2,26.0,2,1,2,2,1,0
0,6,4,4,4,4,4.0,2,4,0,67.0,2,1,2,2,1,1
52,12,2,4,0,2,3.0,2,2,2,25.0,2,1,1,2,1,0
664,6,4,7,0,2,2.0,1,4,1,50.0,2,1,1,1,1,0
480,12,4,4,0,2,1.0,1,1,0,23.0,2,1,1,1,1,0
619,12,2,0,0,2,4.0,0,2,0,49.0,2,1,1,1,1,0
589,12,4,3,0,4,3.0,2,3,1,60.0,2,1,2,2,1,0
64,24,2,4,0,1,4.0,1,4,1,26.0,2,1,1,2,1,1
811,48,2,3,4,3,3.996639911361851,2,2,2,36.996639911361854,1,1,1,2,1,1
106,18,1,0,0,4,2.0,2,4,3,39.0,0,1,2,3,2,1
325,8,4,0,0,3,1.0,2,4,0,39.0,2,1,2,1,1,0
180,36,3,9,0,1,1.0,0,1,2,28.0,2,1,2,2,1,0
819,40,4,3,2,2,4.0,2,4,0,33.873409591973086,2,1,2,2,1,1
90,12,4,4,0,4,4.0,2,4,0,56.0,2,1,1,2,1,0
837,48,2,4,0,2,2.9201160860702293,1,1,1,31.119825870894655,2,1,1,2,1,1
713,60,2,0,0,3,4.0,2,2,3,27.0,2,1,1,3,1,1
429,18,4,6,0,0,2.0,1,4,3,55.0,2,2,3,0,2,0
894,24,3,1,0,2,2.2291474687981814,2,3,2,39.458294937596364,2,1,1,3,2,1
343,18,2,9,0,4,1.0,2,1,0,33.0,0,1,1,3,1,1
773,12,4,0,2,0,2.0,2,4,3,66.0,0,2,3,0,1,0
791,6,4,3,4,2,1.0,3,2,1,27.0,2,1,2,2,1,0
138,15,4,4,4,3,4.0,2,2,0,35.0,0,1,3,2,1,1
570,24,2,3,0,1,4.0,1,4,0,23.0,2,0,1,1,1,1
390,18,2,0,0,2,2.0,3,2,1,30.0,2,1,1,3,1,1
84,10,2,4,0,4,3.0,2,4,0,52.0,2,1,1,1,1,0
643,24,4,4,0,3,4.0,3,2,2,33.0,2,1,2,2,1,1
976,6,1,7,2,1,4.0,1,2,1,23.94901450303636,0,0,1,2,1,0
204,12,4,0,0,4,4.0,2,1,0,38.0,2,1,2,1,2,0
804,32,4,1,0,3,3.0,2,2,2,35.26522349793072,2,1,2,3,1,1
426,28,4,4,0,4,4.0,2,2,2,29.0,2,1,2,2,1,0
48,11,4,0,0,2,1.0,2,4,1,39.0,2,1,2,1,1,0
593,24,2,0,0,2,3.0,1,4,1,20.0,2,0,1,1,1,1
49,12,2,4,1,2,4.0,1,2,0,28.0,2,1,1,2,1,0
957,35,4,1,0,3,2.329551389504952,2,2,1,35.0,2,1,2,2,1,1
154,24,3,9,1,3,4.0,2,4,2,36.0,2,0,1,3,1,1
99,20,3,1,4,3,3.0,2,4,1,36.0,0,0,2,3,2,1
354,10,2,7,2,4,4.0,2,4,3,46.0,2,2,1,2,1,1
12,12,2,4,0,2,1.0,1,1,2,22.0,2,1,1,2,1,1
194,45,2,4,1,2,4.0,2,4,1,21.0,2,0,1,2,1,0
906,36,2,3,0,2,3.984406092700188,2,2,1,26.031187814599626,2,1,1,2,1,0
584,12,2,0,4,4,4.0,1,4,3,52.0,2,2,1,3,1,1
909,24,4,1,0,3,2.0,1,3,2,43.81630018253447,2,1,2,3,2,1
707,9,2,4,0,4,4.0,1,4,0,25.0,2,1,1,2,1,0
692,6,4,0,4,1,1.0,2,3,0,44.0,2,1,2,1,2,0
176,12,2,3,0,2,2.0,0,1,2,42.0,2,1,1,2,1,0
810,16,2,0,1,4,1.4219225869102852,1,4,3,35.421922586910284,2,2,1,2,1,0
616,60,3,4,4,2,2.0,2,2,3,27.0,2,2,1,3,1,0
415,36,4,1,0,4,2.0,2,2,1,35.0,2,1,2,2,2,1
375,48,1,9,0,3,2.0,1,4,2,37.0,2,0,1,2,1,0
630,24,2,4,0,2,2.0,1,4,2,28.0,2,1,1,2,1,0
815,36,2,2,0,2,2.0,1,2,2,31.60838035600556,1,1,1,2,1,0
66,12,2,4,0,1,2.0,1,2,2,29.0,0,1,1,2,1,0
35,45,4,4,0,1,4.0,2,2,1,25.0,2,1,2,1,1,0
821,60,2,3,3,2,2.324886622457697,2,2,3,27.0,2,1,1,3,1,0
1014,17,4,0,0,1,2.598601458203039,2,3,1,67.10209781269545,2,1,2,0,1,0
601,9,2,3,0,2,4.0,1,1,1,30.0,2,1,1,2,1,0
18,24,2,1,0,4,4.0,1,2,3,44.0,2,2,1,3,1,1
987,12,2,0,2,2,2.1012345738745717,1,2,0,26.21274128074576,2,1,1,2,1,0
458,6,2,5,0,1,4.0,1,1,0,27.0,2,1,1,2,1,0
691,24,2,4,1,1,2.0,2,1,2,29.0,2,1,1,2,1,0
738,30,0,9,1,2,4.0,1,4,2,26.0,2,0,2,1,1,0
342,18,2,4,2,1,1.0,3,3,0,25.0,2,0,1,2,1,0
122,12,2,3,0,2,3.0,2,2,0,24.0,2,0,1,1,1,0
246,12,4,4,0,4,4.0,2,4,0,52.0,2,1,3,2,1,0
117,10,4,3,4,1,2.0,1,3,0,27.0,2,0,2,2,1,0
558,24,1,3,0,3,3.0,2,4,2,27.0,0,1,1,2,1,0
453,24,2,1,0,4,4.0,2,4,2,35.0,2,1,1,3,1,1
972,10,4,0,0,2,3.052175535849536,2,4,3,64.4217366962257,1,2,2,1,1,0
870,9,1,0,0,2,2.0,1,4,3,72.33579018808429,0,2,1,3,1,1
604,10,2,3,0,1,4.0,1,2,1,23.0,2,1,1,2,1,0
905,47,2,2,0,2,1.0,2,1,0,34.30085468247972,2,1,1,1,1,1
833,49,2,0,0,4,3.7683176479963527,2,4,2,42.0,0,1,1,3,1,0
8,12,2,4,3,3,2.0,0,4,0,61.0,2,1,1,1,1,0
922,36,2,0,3,2,2.4392272506386266,2,3,2,37.47974241687954,2,1,1,2,1,1
472,9,2,0,0,2,4.0,2,3,2,28.0,2,1,1,1,1,0
133,18,2,3,0,2,4.0,2,4,3,47.0,0,2,2,2,1,0
199,18,3,3,0,4,4.0,0,3,3,40.0,2,1,1,3,1,1
131,36,3,7,0,2,4.0,2,3,1,29.0,1,1,1,2,1,1
57,36,4,4,0,2,2.0,1,2,2,31.0,1,1,2,2,1,0
956,24,3,5,1,2,2.6897773694108373,2,3,1,35.34488868470542,2,0,1,2,1,0
464,18,2,9,0,3,4.0,2,1,2,34.0,1,1,2,2,1,1
981,21,2,9,0,3,2.0,0,4,0,38.47715324503175,2,1,1,2,1,0
338,24,2,3,0,2,4.0,2,4,1,28.0,2,1,1,2,1,0
739,24,1,0,1,3,2.0,2,3,2,32.0,0,1,1,2,1,0
882,23,2,2,4,2,1.0,1,4,1,48.05823657969161,2,1,1,1,1,1
685,10,4,4,4,3,4.0,2,2,1,27.0,2,1,2,2,1,1
670,24,4,9,1,2,3.0,2,3,1,27.0,2,1,2,1,1,1
157,12,1,8,0,4,4.0,3,1,2,45.0,0,1,1,1,1,0
323,18,2,3,3,2,4.0,2,2,2,28.0,2,1,1,2,1,0
938,24,2,3,0,2,4.0,2,3,1,27.878061572943267,1,1,1,2,1,0
624,18,2,4,0,2,4.0,2,4,3,65.0,2,2,2,2,1,0
567,24,4,4,3,4,2.0,2,2,2,34.0,2,1,1,2,1,0
681,15,3,4,0,2,4.0,3,3,0,33.0,0,1,2,2,1,0
1053,10,2,0,0,1,3.0,1,1,0,35.04159769931926,2,0,1,1,1,0
943,18,2,4,0,1,3.0,2,2,2,32.143162966264846,2,1,1,2,1,1
303,10,4,0,0,3,4.0,2,3,1,49.0,2,1,2,2,1,1
1010,11,2,4,4,2,2.113063263081886,2,1,0,25.113063263081887,2,1,1,2,1,1
730,24,2,4,0,2,2.0,2,4,0,21.0,2,0,1,1,2,0
165,6,2,3,2,2,1.0,2,2,2,32.0,2,1,1,2,1,1
923,6,4,0,0,2,1.0,2,3,2,44.938032047966125,2,1,2,2,2,0
227,12,2,3,0,4,4.0,2,4,3,53.0,2,2,1,3,1,1
41,12,2,4,2,2,3.0,0,1,2,26.0,2,1,1,2,1,1
37,18,2,4,0,2,4.0,2,2,0,37.0,1,1,1,2,1,0
717,24,4,4,4,2,3.0,2,2,2,31.0,2,1,2,2,1,1
365,12,2,9,0,3,2.0,2,4,2,36.0,2,1,1,2,1,1
528,36,2,4,0,2,2.951715374841169,0,4,2,31.0,2,0,1,2,1,0
67,12,2,0,3,2,4.0,3,1,0,22.0,2,1,1,2,1,0
533,24,2,4,1,3,4.0,3,3,1,26.0,2,1,1,2,1,1
796,12,4,3,0,1,2.0,1,4,1,22.0,2,0,2,1,1,0
444,48,4,3,0,2,2.0,1,3,2,30.0,2,1,1,3,1,1
932,28,2,5,0,1,1.0,0,1,2,33.743006907159824,2,1,1,1,1,0
765,30,2,3,0,1,2.0,0,4,1,31.0,2,1,1,1,1,0
265,15,2,4,0,4,4.0,2,3,2,37.0,2,1,1,2,2,0
783,20,2,1,4,0,1.0,0,4,0,60.0,2,1,1,3,1,1
625,15,2,4,4,4,4.0,2,2,2,35.0,2,1,1,2,1,0
881,12,3,0,0,2,1.0,1,4,1,41.095044870291325,2,1,1,1,1,0
538,48,2,0,0,4,4.0,2,4,3,42.0,0,2,1,3,1,0
716,18,2,4,0,2,4.0,2,2,3,32.0,2,2,1,3,1,1
500,24,2,0,0,1,4.0,1,1,1,27.0,2,1,1,2,1,0
856,36,3,7,1,1,4.0,2,3,1,28.125111433806673,1,0,1,2,1,1
238,12,4,4,0,2,4.0,1,2,1,35.0,2,1,2,2,1,0
878,36,3,9,1,3,1.1702781344550268,2,3,0,31.283796890758378,2,1,2,1,1,0
955,20,2,1,4,2,1.0,1,2,2,25.966983872576446,2,0,1,2,1,0
463,12,2,8,4,4,4.0,2,4,1,38.0,2,1,2,2,1,0
992,6,4,0,1,1,2.0,1,3,0,40.399239521483956,1,1,1,1,1,0
502,9,2,4,1,4,2.0,0,4,0,49.0,2,1,1,2,1,0
859,24,2,3,0,2,4.0,2,2,1,25.24855730974211,0,1,1,2,1,0
277,12,2,3,4,4,2.0,0,4,1,49.0,2,1,1,1,1,1
523,24,2,1,1,3,3.0,1,4,2,23.0,2,1,1,2,1,0
769,24,2,1,4,4,2.0,1,4,0,26.0,2,0,1,2,1,0
286,48,2,1,0,3,4.0,2,3,1,26.0,2,1,1,2,2,0
348,6,3,9,1,2,1.0,2,2,0,34.0,2,1,2,1,1,0
966,12,2,3,0,3,2.668107698017052,2,3,0,39.336215396034106,0,1,1,1,1,0
994,9,2,4,1,4,2.061422237587955,0,4,0,48.938577762412045,2,1,1,2,1,0
746,12,2,0,0,1,3.0,1,1,0,37.0,2,1,1,1,1,0
843,57,0,4,0,2,3.0,1,4,3,59.31558615903728,0,1,1,2,1,1
602,24,1,7,0,3,2.951715374841169,1,4,3,34.0,0,2,1,1,1,0
1020,12,2,4,0,2,2.9808766308137704,2,2,0,29.972181929150985,0,1,2,2,1,0
983,6,2,3,0,0,4.0,2,1,1,34.94684688768283,1,1,2,3,1,1
912,36,3,4,0,1,2.87204104902533,1,1,2,30.563979475487336,1,1,1,2,1,0
395,39,3,7,1,3,2.0,2,3,3,32.0,2,0,1,2,1,1
134,60,2,4,1,3,2.0,1,4,0,21.0,2,1,1,2,1,1
548,12,1,4,0,2,4.0,1,4,0,24.0,0,1,1,1,1,0
565,24,3,4,1,3,3.0,1,2,1,23.0,2,0,2,2,1,1
996,6,2,0,0,3,3.0,2,2,0,42.78166326671534,2,1,1,1,1,1
772,24,4,4,1,4,4.0,2,4,1,52.0,0,1,2,2,1,0
350,9,2,5,0,1,1.0,1,4,0,23.0,2,0,1,2,1,1
632,15,2,4,4,1,4.0,2,1,1,23.0,2,1,1,2,1,0
571,30,4,4,0,3,3.0,2,2,2,38.0,2,1,1,2,1,0
658,30,0,9,0,2,2.0,1,1,2,28.0,2,1,2,2,1,0
488,10,2,0,1,2,3.0,2,2,0,35.0,2,0,1,1,1,0
182,21,1,0,4,2,4.0,2,2,1,40.0,2,1,2,1,2,0
900,36,4,0,0,1,3.735493670411548,1,2,0,24.735493670411547,1,0,2,2,1,1
988,12,2,4,0,1,4.0,1,2,1,34.20228926948996,2,1,1,2,1,0
568,48,2,4,4,3,4.0,2,1,2,41.0,2,1,2,2,2,1
953,24,2,1,2,3,2.6246757955730358,2,3,2,40.24935159114607,2,1,1,3,2,1
274,30,2,6,0,1,1.0,0,1,3,34.0,2,1,1,1,1,1
158,24,2,0,1,3,2.0,2,3,2,38.0,0,1,2,2,1,1
486,12,2,4,0,2,2.0,2,4,2,52.0,2,1,1,2,1,1
1012,12,2,3,1,1,4.0,1,4,2,27.528007890413335,0,0,3,1,1,0
349,9,4,7,3,4,4.0,2,3,3,32.0,2,2,2,2,2,0
743,39,4,3,4,3,4.0,2,4,1,30.0,2,1,2,3,1,1
307,12,2,4,1,1,4.0,3,3,3,33.0,2,1,1,1,1,1
291,36,2,1,0,1,1.0,3,4,2,28.0,2,0,1,3,1,1
941,24,3,3,0,2,2.431711525832579,2,3,1,34.56828847416742,2,1,1,2,1,0
388,15,4,9,2,2,2.0,2,4,2,27.0,0,1,1,2,1,0
378,36,2,0,0,4,4.0,2,2,3,57.0,2,2,1,3,1,1
816,15,1,4,0,1,2.9809118656846145,2,2,1,30.418698767767545,2,0,1,2,1,1
317,24,2,3,4,2,1.0,1,4,1,48.0,2,1,1,1,1,1
86,18,4,3,0,1,4.0,1,1,1,27.0,2,1,2,2,1,0
868,48,2,3,4,3,3.591052947109983,2,2,2,36.59105294710998,1,1,1,2,1,1
36,48,4,7,0,2,1.0,2,3,3,31.0,0,2,1,2,1,1
661,12,2,0,4,2,4.0,3,2,2,23.0,2,1,1,2,1,0
414,24,2,0,4,2,4.0,1,2,1,35.0,2,1,1,2,1,0
921,19,2,1,4,3,1.0,1,4,1,50.476555259816614,2,1,1,1,1,1
889,36,4,1,3,2,3.773513447990875,2,2,1,29.547026895981748,2,1,1,2,1,0
377,7,3,4,4,4,3.0,2,4,3,36.0,2,2,1,2,1,0
677,24,2,4,0,4,4.0,2,4,0,64.0,0,0,1,1,1,0
626,6,2,3,0,2,2.0,2,2,0,41.0,2,1,1,2,1,1
1037,12,1,4,2,2,3.0646729072148586,1,3,0,41.87065418557028,2,0,1,1,1,0
755,6,4,0,0,2,1.0,2,1,0,74.0,2,1,3,0,2,0
437,24,4,0,3,4,4.0,1,4,0,37.0,2,1,2,2,1,1
356,12,4,4,4,4,1.0,2,4,0,49.0,2,1,1,2,1,1
285,47,2,0,0,1,1.0,1,1,0,35.0,2,1,1,1,1,1
762,21,4,0,4,4,4.0,2,4,3,30.0,2,2,1,3,1,1
408,24,2,4,2,4,3.0,0,2,2,26.0,2,1,1,3,1,1
97,18,2,9,1,2,4.0,2,4,2,34.0,2,1,1,2,1,0
306,30,2,1,4,3,2.0,1,4,1,24.0,1,0,1,1,1,0
506,15,4,1,2,2,2.0,2,2,2,36.0,2,1,1,2,1,1
764,12,2,4,0,4,3.0,3,3,0,40.0,0,1,2,1,1,0
379,6,4,0,1,2,4.0,1,4,2,52.0,2,1,2,1,1,0
1058,9,2,3,0,1,4.0,1,2,1,22.857391303936797,2,1,1,2,1,0
675,30,4,4,0,3,4.0,1,4,2,26.0,2,0,1,3,1,1
95,54,0,9,0,1,3.0,2,4,3,58.0,2,0,1,2,1,1
405,24,2,4,0,1,1.0,3,1,1,22.0,2,1,1,2,1,1
1044,12,2,0,0,1,3.0884078326435733,1,1,0,37.088407832643576,2,1,1,1,1,0
479,15,4,3,0,4,4.0,2,4,2,44.0,2,1,2,2,2,1
1038,24,2,0,0,1,4.0,2,1,0,25.555956942839376,1,1,1,1,1,0
175,30,1,1,4,0,4.0,1,1,0,53.0,0,1,1,3,1,1
985,23,2,0,4,2,4.0,1,4,0,25.0,2,0,1,2,1,0
750,18,2,0,0,1,1.0,1,2,2,23.0,2,1,1,1,1,0
814,38,2,0,1,4,3.8007503379708845,2,2,2,44.70112550695632,2,1,1,3,1,1
359,30,2,3,0,3,4.0,1,4,0,23.0,2,0,1,2,1,0
1021,12,2,0,0,2,4.0,2,2,0,26.765009501822238,2,1,1,1,1,0
161,18,4,0,0,1,4.0,1,1,1,30.0,2,1,2,2,1,0
818,24,4,3,0,1,2.857391303936798,2,3,3,46.572173911810395,2,2,2,2,1,1
92,12,4,4,4,4,4.0,1,3,1,33.0,0,1,1,1,2,0
510,12,2,0,0,3,4.0,2,2,0,26.0,2,1,1,2,1,0
724,6,4,0,3,2,2.0,1,2,0,41.0,0,1,2,1,1,0
445,9,4,7,4,4,4.0,1,4,1,41.0,2,0,2,1,1,0
315,36,1,3,0,4,4.0,2,4,2,31.0,0,1,1,2,1,0
960,15,2,4,2,2,3.6839737520406284,2,3,1,36.94807874387811,2,1,2,2,1,1
890,48,0,1,0,3,3.444395522644183,2,3,2,24.888791045288365,2,1,1,2,2,0
853,38,4,3,3,2,3.9200725928206914,2,3,1,29.840145185641383,2,1,2,2,1,0
124,18,2,3,4,1,4.0,1,3,0,27.0,2,0,1,2,1,0
823,24,1,3,0,2,3.994767164658806,2,1,2,24.98953432931761,0,0,1,2,1,0
851,24,4,5,0,4,2.926674599944212,1,4,3,44.0,2,2,2,2,1,0
31,24,2,3,0,2,2.0,2,2,2,27.0,1,1,1,2,1,0
394,9,4,3,0,0,2.0,2,3,2,31.0,2,1,1,3,1,0
887,24,3,6,1,4,3.2831487554886767,2,4,2,45.13259502195471,2,1,2,2,1,0
370,36,2,0,4,2,4.0,2,4,0,36.0,2,1,1,2,1,0
544,12,4,0,0,4,4.0,2,4,0,61.0,2,1,2,1,1,0
269,24,2,4,4,4,4.0,2,2,2,25.0,2,1,2,2,1,0
848,18,4,2,0,4,2.5446088740824733,2,4,2,34.36617337775258,2,1,2,2,1,1
735,24,2,1,0,2,1.0,1,4,2,23.0,2,0,2,3,1,0
397,36,4,3,0,2,3.0,3,2,1,46.0,2,1,2,2,1,1
581,12,4,0,0,1,1.0,2,3,0,49.0,0,1,2,1,2,0
103,9,4,3,0,3,4.0,2,3,2,35.0,2,0,1,2,1,1
672,60,2,0,0,4,2.0,2,4,1,42.0,2,1,1,3,1,1
646,30,0,3,0,2,2.0,0,2,0,32.0,2,1,2,2,1,0
241,6,2,4,0,3,3.0,2,2,1,51.0,2,1,1,2,2,0
340,24,4,7,0,1,2.0,1,4,3,24.0,2,2,2,2,1,1
14,15,2,0,0,2,2.0,1,4,2,28.0,2,0,1,2,1,0
731,8,2,4,0,3,4.0,1,2,0,44.0,2,1,1,1,1,0
579,24,2,8,0,1,4.0,3,3,2,27.0,2,1,2,1,1,0
689,15,4,3,0,2,2.0,0,3,1,25.0,2,1,2,2,1,0
373,60,4,0,4,4,2.0,2,4,3,63.0,0,2,1,3,1,1
364,18,2,3,0,0,4.0,2,1,2,25.0,2,1,1,0,1,0
471,6,2,7,0,1,4.0,1,4,1,23.0,2,1,1,2,1,0
549,48,4,1,4,3,2.0,2,1,3,35.0,2,2,2,2,1,1
597,24,0,9,0,2,1.0,2,4,0,36.0,2,1,3,1,1,1
964,6,2,3,0,2,3.0,1,2,0,24.0,2,1,1,2,1,0
771,21,4,1,0,4,1.0,2,4,2,36.0,2,1,1,3,1,1
917,24,2,9,3,2,2.7445771271191375,2,2,0,36.893868619168465,0,1,2,2,1,1
520,24,4,6,0,4,3.0,2,4,3,44.0,2,2,2,2,1,0
825,39,3,3,4,3,4.0,1,3,1,30.0,2,1,1,3,1,1
965,12,2,3,0,2,4.0,2,2,0,28.361477819162193,2,0,1,1,1,0
221,12,2,7,4,2,4.0,1,4,1,23.0,0,0,1,2,1,1
596,24,2,0,0,3,4.0,1,4,2,23.0,2,0,2,2,1,0
656,12,2,0,0,4,4.0,2,4,2,41.0,0,1,1,1,2,0
190,24,2,9,3,2,2.0,2,3,1,54.0,2,1,3,3,1,1
698,15,2,7,0,4,4.0,2,4,2,40.0,2,0,1,3,1,1
1055,18,2,3,0,1,3.3916196439944404,1,1,0,26.39161964399444,2,1,1,2,1,0
916,60,3,5,1,4,2.6059715489694995,2,4,3,63.0,1,1,1,2,1,1
314,4,2,0,4,1,1.0,2,2,0,29.0,2,1,1,1,2,0
130,48,2,0,4,3,1.0,1,2,2,24.0,2,1,1,2,1,0
752,30,4,4,0,3,4.0,1,2,2,25.0,2,1,2,2,1,0
654,24,4,1,0,3,4.0,2,3,2,35.0,2,1,2,2,1,1
884,57,1,9,0,2,3.0,2,4,3,60.56593674433294,2,0,1,2,1,1
641,15,2,6,0,4,4.0,2,4,2,38.0,2,1,2,1,1,0
1017,4,2,1,4,1,1.0,2,2,0,28.216410434561098,2,1,1,1,1,0
929,9,2,0,4,0,1.0,1,3,1,21.266606333484866,2,0,1,1,1,0
673,6,4,0,2,2,1.0,3,2,2,24.0,2,1,1,2,1,0
461,15,2,0,0,1,2.0,2,3,0,36.0,2,1,1,2,1,0
496,36,2,3,1,1,4.0,2,1,3,29.0,2,0,1,3,1,1
26,6,0,4,0,4,4.0,3,4,2,39.0,2,1,1,1,1,0
33,12,4,9,4,4,4.0,2,4,3,57.0,2,0,1,1,1,0
1007,12,2,4,0,2,4.0,2,2,0,40.399405625716554,2,1,1,1,1,0
421,12,2,1,4,2,4.0,2,2,2,30.0,2,1,1,2,1,0
101,36,2,4,0,3,4.0,2,4,2,24.0,2,0,1,2,1,0
693,24,2,4,0,3,4.0,2,2,2,28.0,2,1,1,2,1,1
357,36,3,4,0,2,4.0,2,2,2,26.0,2,1,2,3,1,1
243,12,4,9,0,2,3.0,1,2,0,27.0,2,1,2,2,1,0
179,21,4,0,0,4,4.0,2,4,0,65.0,2,1,2,2,1,0
975,13,2,0,0,2,4.0,2,2,1,26.579572996433825,2,1,1,1,1,0
877,18,4,3,0,3,2.3463696785394705,2,1,2,40.82681516073026,1,1,1,2,1,1
353,12,0,4,0,2,2.951715374841169,2,2,1,28.0,2,0,2,2,1,1
926,26,3,9,0,2,3.0,2,3,1,26.216444628240392,2,1,2,1,1,0
508,24,2,4,0,2,4.0,3,2,1,28.0,2,1,1,2,1,0
381,18,2,1,0,0,3.0,1,4,3,38.0,2,2,1,3,1,1
797,24,3,0,4,4,4.0,3,4,2,54.0,2,1,2,2,1,1
477,24,2,4,0,3,4.0,2,2,2,25.0,0,1,1,2,1,0
834,48,1,0,0,3,3.0,2,2,1,24.0,2,1,1,2,1,0
171,12,2,3,0,2,4.0,1,1,0,26.0,2,1,1,2,1,1
316,12,2,3,0,2,2.0,2,3,1,38.0,2,1,1,1,2,0
249,18,2,4,0,0,3.0,1,4,0,22.0,2,0,1,2,1,0
519,6,4,4,4,4,4.0,2,4,3,36.0,2,2,2,2,1,0
4,24,3,0,0,2,3.0,2,4,3,53.0,2,2,2,2,2,0
352,18,4,1,4,0,2.0,2,4,3,38.0,2,1,1,3,1,1
628,42,4,3,2,2,4.0,2,4,0,36.0,2,1,2,2,1,1
949,44,2,1,0,3,3.5368129126144536,2,4,3,54.61043873784336,2,2,1,2,1,0
268,14,2,0,0,4,1.0,0,4,1,45.0,2,1,1,3,1,1
547,24,2,4,0,3,3.0,2,1,2,32.0,0,1,1,2,2,0
313,12,2,0,0,3,2.0,3,3,2,25.0,0,1,1,1,1,0
524,18,2,4,0,2,4.0,1,4,0,26.0,2,1,1,1,2,0
118,33,4,3,2,2,1.0,1,4,2,23.0,2,1,2,2,1,0
159,6,4,4,4,2,1.0,2,2,0,34.0,2,1,2,1,2,0
111,15,2,7,0,1,4.0,1,4,1,23.0,2,0,1,2,1,1
812,37,2,7,2,2,2.0,2,3,3,33.935650663724765,2,1,1,1,1,1
555,12,2,4,0,1,2.0,2,1,2,22.0,1,1,1,2,1,0
535,21,4,7,0,1,2.0,0,1,2,33.0,2,0,1,2,1,0
690,15,2,6,1,2,3.0,1,2,0,25.0,2,1,1,1,1,0
503,24,4,4,1,1,4.0,2,4,3,38.0,0,1,2,2,2,0
108,24,2,3,4,1,1.0,1,2,1,30.0,2,1,1,2,1,1
836,24,3,7,0,1,2.0,1,3,2,24.89162073970919,1,1,2,2,1,1
237,21,2,9,1,4,4.0,0,2,2,61.0,0,0,2,1,1,0
688,12,2,0,3,2,1.0,2,3,1,31.0,2,1,1,2,2,0
457,12,2,1,0,4,3.0,2,4,3,35.422641509433966,2,2,1,2,1,1
920,17,2,1,4,4,1.1500351492335974,2,4,1,50.6999297015328,2,1,1,2,1,1
7,36,2,1,0,2,2.0,2,2,2,35.0,2,0,1,3,1,1
1003,13,2,0,0,2,4.0,2,2,1,27.0,2,1,1,1,1,0
188,12,2,4,1,3,4.0,3,1,1,20.0,2,1,1,2,1,0
709,18,4,4,2,4,4.0,2,3,1,32.0,0,1,2,3,1,1
474,18,4,4,0,2,4.0,3,2,2,33.0,2,1,1,2,1,0
366,18,4,1,0,3,3.0,2,1,2,27.0,2,1,2,2,1,0
715,30,4,4,4,4,3.0,2,2,2,40.0,2,1,2,2,2,1
1006,12,2,5,0,2,4.0,2,2,1,29.74085940059965,2,1,1,2,1,0
451,6,2,4,0,2,3.0,1,1,0,29.0,2,1,1,2,1,0
904,24,3,3,0,1,1.3825330988330875,2,2,1,33.76506619766617,2,1,1,2,1,0
50,24,3,3,4,1,4.0,2,2,1,29.0,0,1,1,1,1,0
197,12,2,3,1,1,4.0,1,4,2,27.0,0,0,4,2,1,0
68,36,2,7,0,2,4.0,2,4,3,37.0,1,2,1,2,1,1
396,12,2,3,0,0,3.0,1,4,3,55.0,2,2,1,3,1,0
467,48,3,4,4,4,3.0,2,3,2,32.0,0,1,2,2,2,0
880,48,2,4,0,2,2.8384668218256293,1,2,2,31.0,1,1,1,2,1,1
614,18,3,3,0,3,4.0,1,1,0,22.0,2,1,1,2,1,0
258,15,2,1,1,1,1.0,1,4,2,23.0,2,1,1,2,1,1
344,10,2,0,0,1,1.0,2,1,1,37.0,2,1,1,1,2,0
376,18,3,4,0,0,2.0,3,3,0,34.0,2,1,2,2,1,0
850,24,2,3,0,2,3.5345015971726825,2,1,2,25.46549840282732,1,1,1,2,1,0
75,12,4,1,0,4,4.0,2,4,3,66.0,2,2,2,3,1,0
341,21,2,3,0,3,1.0,1,4,2,26.0,2,0,1,1,1,0
940,36,2,2,0,1,3.766072311042644,2,1,2,28.922024103680883,2,0,1,3,1,1
121,24,4,1,0,4,4.0,1,2,2,41.0,2,0,2,3,1,1
636,24,2,4,2,3,4.0,1,1,2,28.0,2,1,1,2,1,0
973,12,4,2,0,3,4.0,1,3,0,58.83126606541963,2,1,3,1,1,0
430,5,2,9,0,3,1.0,2,4,0,74.0,2,1,1,1,1,0
885,26,2,1,1,1,2.0,2,2,2,28.566355479023343,2,1,2,2,1,0
847,26,3,8,0,2,2.98814063587322,1,4,2,25.97628127174644,2,1,2,2,1,0
813,48,2,1,3,0,2.97920115034037,2,3,3,40.08319539863852,0,2,1,0,1,0
560,24,2,1,4,4,4.0,2,4,3,49.0,0,2,1,2,2,1
465,24,2,1,0,2,3.0,2,4,3,63.0,0,1,1,2,2,1
844,24,3,3,0,1,2.542593305849727,2,3,2,47.22870334707514,2,1,2,1,1,1
968,18,4,0,0,3,4.0,2,3,2,35.66302857347795,0,1,1,2,1,0
1039,6,0,4,0,4,3.9404868225797975,2,4,2,39.0892697661303,1,1,1,1,1,0
427,18,4,4,3,2,4.0,2,3,0,46.0,2,1,2,2,1,0
820,36,2,3,0,1,4.0,1,1,3,29.450101036237264,2,0,1,3,1,1
835,25,2,7,3,2,2.922809983747273,2,3,1,51.23157004875818,2,1,3,2,1,1
438,42,4,6,0,0,4.0,2,4,2,65.0,2,1,2,0,1,0
536,6,2,0,4,0,4.0,1,3,1,75.0,2,1,1,3,1,1
995,9,2,4,0,2,4.0,1,3,0,24.43843389932228,2,1,1,2,1,0
79,30,2,3,0,1,2.0,3,1,1,22.0,2,1,1,2,1,0
406,24,4,1,4,3,4.0,2,4,2,43.0,2,1,2,2,2,1
261,24,2,4,0,4,4.0,1,4,2,55.0,2,1,1,2,1,0
150,6,2,4,1,4,2.0,2,4,3,42.0,0,2,1,2,2,1
583,36,2,6,0,1,4.0,2,1,3,33.0,2,0,1,1,1,0
250,6,4,0,3,3,3.0,1,4,0,39.0,2,1,2,1,1,1
423,21,3,3,1,3,4.0,2,3,0,34.0,2,1,2,3,1,0
262,18,4,0,0,4,2.0,2,4,3,36.0,2,2,3,3,1,1
369,18,2,3,0,3,2.0,1,4,0,40.0,2,0,1,2,1,0
611,10,2,0,1,4,1.0,1,4,3,48.0,2,2,1,1,2,0
432,6,4,3,0,0,4.0,2,4,3,36.0,2,2,3,3,1,1
115,48,4,4,4,4,4.0,2,1,0,47.0,2,1,1,2,1,1
950,36,3,5,0,2,3.3441690201300576,1,1,2,24.655830979869943,2,1,1,2,1,0
977,9,2,3,1,2,3.5729423633133095,1,3,0,65.57294236331332,2,1,1,1,1,0
225,36,0,6,0,2,4.0,2,2,2,27.0,2,1,2,2,1,0
942,48,2,3,1,2,1.0,1,2,2,26.583201621241844,0,1,1,2,1,1
11,48,2,9,0,1,3.0,1,4,1,24.0,2,0,1,2,1,0
974,6,2,4,0,1,3.90442063166055,1,1,0,27.1911587366789,2,1,1,2,1,0
409,12,4,0,2,3,2.951715374841169,3,2,0,28.0,2,1,3,2,1,1
561,24,1,4,0,3,4.0,2,4,2,24.0,0,0,1,1,1,0
728,24,4,9,3,2,2.0,0,4,0,36.0,2,1,2,2,1,1
242,48,0,1,0,4,3.0,2,4,3,24.0,2,2,2,2,2,0
888,59,0,2,0,3,3.0,1,4,3,59.803715703152136,0,1,1,2,1,1
400,18,2,4,0,1,3.0,3,4,0,39.0,2,1,1,2,1,1
883,30,4,3,0,3,3.938742478205193,1,4,2,25.959161652136796,2,0,1,2,1,0
391,12,2,3,3,1,1.0,1,4,0,19.0,2,0,1,1,1,0
504,24,2,0,0,1,4.0,1,4,1,24.0,2,0,1,2,1,0
945,48,0,3,0,2,3.1035244230334653,1,3,3,53.62114653820079,2,1,1,2,1,0
1023,12,2,0,0,2,4.0,1,2,0,24.868423306262667,2,1,1,1,1,0
893,18,2,4,0,1,3.0,2,2,2,32.186887543636196,2,1,1,2,1,1
822,60,2,6,0,4,3.0,1,4,3,61.77052207517716,1,1,2,2,1,1
297,10,2,0,4,4,4.0,2,2,1,45.0,2,1,1,1,1,0
210,9,4,4,4,2,1.0,2,2,0,33.0,2,1,2,2,2,0
266,36,4,9,4,4,4.0,2,4,0,36.0,2,1,2,2,1,0
933,30,0,9,3,1,2.0,2,2,1,25.042391446906205,0,1,2,1,1,0
74,36,2,7,4,4,4.0,2,4,3,40.0,2,1,1,3,1,1
501,36,2,1,0,4,2.0,2,4,3,42.0,2,2,1,2,2,0
499,6,4,0,1,4,2.0,0,4,2,28.0,2,1,2,2,2,1
298,18,2,3,0,2,3.0,2,4,0,43.0,2,1,1,2,1,1
1,48,2,4,0,2,2.0,1,2,0,22.0,2,1,1,2,1,0
478,12,2,9,1,3,3.0,2,4,0,39.0,2,1,1,1,1,0
442,20,3,2,0,2,2.0,2,3,2,29.0,0,1,2,2,1,1
845,24,0,2,0,3,2.185486373169863,1,4,2,23.0,0,0,2,2,1,0
216,18,0,9,0,3,3.0,2,1,1,31.0,0,1,1,2,1,1
592,21,2,9,3,4,4.0,1,4,0,36.0,0,1,1,1,1,0
330,24,4,1,0,0,2.0,2,4,3,75.0,2,2,2,3,1,1
146,6,4,0,0,4,1.0,1,4,3,39.0,2,1,2,2,1,1
336,13,2,4,0,1,2.0,1,4,1,23.0,2,1,1,1,1,0
1000,15,3,4,0,2,4.0,2,2,0,31.576688792625447,1,1,2,2,1,0
586,9,4,0,0,2,2.0,2,2,0,36.0,2,0,2,2,2,0
652,24,2,0,0,4,4.0,2,1,0,45.0,2,1,1,2,1,0
782,12,2,0,1,1,4.0,1,2,1,23.0,0,1,1,1,1,0
925,12,1,2,2,1,1.898588245005139,1,3,1,23.68327577509919,2,0,1,2,1,0
874,36,2,4,0,2,4.0,2,2,2,26.0,2,1,1,2,1,0
455,24,2,1,0,1,4.0,1,1,3,29.0,2,1,1,3,1,1
954,24,0,2,0,3,2.4143320426959556,1,4,2,23.0,0,0,2,2,1,0
239,30,2,4,0,4,1.0,2,3,1,39.0,2,1,1,2,2,0
256,24,4,4,0,2,4.0,2,2,0,35.0,2,1,2,1,1,0
706,12,0,3,0,1,4.0,1,3,1,25.0,2,0,2,2,1,0
360,18,2,7,4,2,4.0,2,4,3,61.0,2,2,1,2,1,0
686,36,3,0,1,4,4.0,2,3,3,30.0,2,2,1,2,1,0
40,30,2,4,2,4,2.951715374841169,2,2,2,30.0,0,1,1,3,1,0
521,18,2,4,0,2,2.0,1,2,0,24.0,2,1,1,2,1,0
639,42,3,4,0,3,3.0,2,2,1,26.0,0,1,2,2,2,1
294,48,4,9,4,4,4.0,0,2,2,46.0,0,1,2,3,2,0
751,12,2,9,1,3,2.0,1,4,0,23.0,2,0,1,1,1,0
351,9,2,3,0,2,1.0,1,2,2,29.0,2,1,1,2,1,0
183,24,4,3,3,2,4.0,2,4,0,50.0,2,1,1,2,1,1
200,9,4,7,2,4,4.0,2,2,2,52.0,2,1,2,2,1,1
233,18,2,4,0,2,4.0,3,2,0,25.0,2,1,1,1,1,0
588,18,2,5,0,2,4.0,3,3,0,47.0,2,1,1,1,1,1
801,39,3,4,0,3,2.2668277477123517,2,2,0,25.26682774771235,1,1,2,2,1,0
454,24,2,0,0,3,2.0,2,3,1,31.0,2,1,1,2,1,1
982,23,2,2,4,3,4.0,1,2,1,25.0,2,0,1,2,1,0
591,24,3,0,4,2,4.0,1,4,2,42.0,2,0,2,2,1,1
846,11,2,3,0,3,2.3036147497246358,2,4,1,51.30361474972464,2,1,1,2,1,0
907,24,3,4,0,1,3.2230543022660814,2,3,2,47.22305430226608,2,1,3,2,1,1
420,15,2,0,3,3,2.0,1,3,2,20.0,2,0,1,2,1,0
999,6,4,6,0,2,2.427301420252826,1,4,1,50.427301420252824,2,1,1,1,1,0
540,12,2,4,0,1,1.0,3,1,0,23.0,2,0,1,2,1,0
777,36,4,1,3,4,4.0,2,2,2,38.0,2,1,2,3,1,1
42,18,3,6,0,2,2.0,2,4,0,44.0,2,1,1,1,2,1
794,9,2,3,1,1,2.0,1,4,1,22.0,2,0,1,2,1,0
799,24,4,5,0,4,2.970243411289899,1,4,3,44.0,2,2,2,2,1,0
195,9,4,7,0,4,2.0,1,3,2,34.0,2,1,2,3,1,1
22,10,4,0,0,1,1.0,2,3,0,48.0,2,0,2,1,2,0
218,24,2,3,0,2,2.0,0,2,0,24.0,2,0,1,1,1,0
3,42,2,3,0,3,2.0,2,4,1,45.0,2,2,1,2,2,0
659,18,4,3,0,4,2.0,2,1,3,41.0,2,1,1,2,1,1
866,24,2,1,3,4,3.1504147186276343,1,3,2,41.451244155882904,2,1,1,3,1,1
116,42,2,4,4,3,4.0,1,3,2,30.0,2,1,1,3,1,1
192,27,2,9,0,2,4.0,2,2,2,36.0,2,1,1,2,2,1
645,36,3,9,4,1,4.0,2,4,2,27.0,2,0,2,2,1,1
998,24,2,0,0,3,4.0,2,2,2,37.771053536131106,0,1,1,1,2,0
473,6,2,8,4,0,4.0,2,4,1,36.0,2,1,1,3,2,1
105,24,4,2,0,2,2.0,2,3,2,39.0,2,1,2,3,2,1
475,18,0,3,0,1,1.0,1,4,1,26.0,2,0,1,2,1,0
248,24,2,3,0,2,2.0,2,2,0,26.0,2,1,1,2,1,0
331,18,4,7,1,2,4.0,1,2,0,30.0,2,1,2,2,1,0
1054,6,2,4,0,3,2.1992496620291155,1,3,2,42.19924966202912,0,1,1,1,1,0
498,18,2,4,0,4,4.0,3,2,0,32.0,2,1,1,1,1,0
610,12,2,5,1,0,4.0,1,3,1,22.0,2,1,1,2,1,0
556,18,0,0,1,1,3.0,1,3,2,28.0,2,1,2,2,1,0
944,14,1,1,0,2,2.9892073952953795,2,2,1,29.552958952498084,2,0,1,2,1,1
573,15,2,9,0,2,4.0,1,4,1,22.0,2,1,1,1,1,0
202,27,3,9,0,3,3.0,2,4,2,26.0,2,1,2,2,1,0
679,6,2,7,0,1,1.0,1,2,3,56.0,2,1,1,2,1,0
56,12,2,4,4,0,2.0,2,1,3,52.0,2,1,1,3,1,1
412,12,4,9,0,0,4.0,2,2,2,42.0,1,1,2,3,1,1
29,60,3,9,0,4,3.0,2,4,3,63.0,2,1,2,2,1,1
638,12,2,4,0,1,4.0,1,3,2,34.0,2,1,1,2,2,0
362,12,3,0,0,2,2.0,1,2,2,36.0,1,1,2,2,1,1
702,30,3,9,1,4,4.0,2,2,1,41.0,1,1,2,2,1,0
152,36,2,4,0,2,4.0,2,1,2,24.0,2,1,1,2,1,0
462,12,2,3,0,1,3.0,1,1,0,34.0,2,0,1,3,1,0
644,18,4,4,0,3,4.0,3,1,1,32.0,2,1,2,3,1,1
62,36,0,9,0,4,4.0,2,4,3,61.0,2,2,1,3,1,1
209,12,2,1,3,3,3.0,2,2,1,55.0,2,1,1,2,1,0
91,12,4,1,0,4,4.0,2,3,0,54.0,2,1,1,2,1,0
236,6,2,0,4,0,1.0,2,2,1,23.0,2,1,1,0,1,1
289,24,3,4,0,1,4.0,3,4,0,48.0,1,1,1,2,1,0
623,12,2,3,0,1,4.0,1,1,2,22.0,2,0,1,2,1,0
849,30,4,2,0,3,2.612101856074519,1,2,2,24.537367285358172,2,0,2,2,1,0
70,36,2,1,0,2,1.0,1,2,1,30.0,0,1,1,2,1,0
980,6,2,3,0,4,2.0,0,1,0,49.0,0,1,1,2,1,0
191,48,0,9,1,3,4.0,2,4,3,34.0,2,2,1,1,2,0
733,4,4,0,0,3,1.0,1,1,0,37.0,2,1,1,2,2,0
603,36,2,3,0,2,4.0,1,2,2,28.0,2,1,1,3,1,1
222,12,2,4,0,2,2.951715374841169,2,2,0,30.0,0,1,2,2,1,0
522,48,0,3,0,2,3.0,2,4,3,53.0,2,2,2,2,2,0
734,36,1,5,4,1,3.0,1,2,3,29.0,0,1,1,0,1,0
934,48,1,1,0,3,3.778721543969383,2,3,1,25.557443087938765,2,1,1,2,2,0
326,12,4,3,4,4,2.0,2,4,1,49.0,2,0,1,2,1,1
633,9,2,3,0,1,2.0,1,2,2,19.0,2,0,2,2,1,0
114,12,2,4,2,4,3.0,3,1,0,35.0,2,1,1,2,1,0
113,36,4,0,0,2,4.0,1,2,0,25.0,1,1,2,2,1,1
295,48,2,3,0,1,1.0,1,2,2,26.0,2,1,1,2,1,1
704,15,2,0,2,4,1.0,1,4,3,35.0,2,2,1,2,1,0
575,15,4,3,0,3,2.0,1,3,2,24.0,0,1,2,2,1,0
292,24,4,1,0,4,2.0,1,4,3,44.0,2,2,2,3,2,1
263,12,4,7,0,4,2.0,1,4,3,57.0,0,2,3,1,1,0
537,18,4,3,0,4,3.0,1,4,1,37.0,2,1,1,2,1,1
978,12,2,4,3,2,2.481546895988563,1,1,0,25.48154689598856,2,1,1,2,1,1
300,6,2,0,0,0,1.0,1,4,0,54.0,2,1,1,0,1,1
608,18,2,4,0,1,4.0,2,1,0,33.0,2,1,1,2,1,0
82,18,2,9,1,2,3.0,1,4,1,24.0,2,0,1,1,1,0
81,15,2,4,2,4,4.0,2,3,1,47.0,1,1,1,2,1,1
226,48,2,4,3,3,1.0,2,2,3,27.0,0,1,2,2,1,1
347,24,2,4,2,0,1.0,1,4,3,23.0,2,0,1,0,1,0
840,26,2,0,0,3,1.2310747199624075,2,2,1,30.231074719962407,2,1,1,2,1,1
697,18,4,4,0,2,4.0,2,2,2,24.0,2,1,2,2,1,0
1002,12,2,0,0,1,3.2485007122242413,1,1,1,25.248500712224242,2,0,1,2,1,0
71,7,4,4,4,4,4.0,2,2,1,46.0,2,0,2,1,1,1
723,27,2,0,0,2,3.0,1,3,0,21.0,2,0,1,2,1,0
211,36,2,4,4,4,2.0,1,4,0,45.0,2,1,1,1,1,1
129,12,4,0,0,2,3.0,1,2,0,29.0,2,1,2,2,1,0
28,7,2,4,0,2,3.0,2,2,0,34.0,2,1,1,2,1,0
1029,12,3,4,0,1,4.0,1,2,1,34.58293674746017,2,1,1,1,1,0
649,12,2,7,0,2,4.0,2,4,2,40.0,2,0,1,1,2,0
896,25,2,4,4,3,2.931920980656658,1,4,1,48.0,2,1,2,1,1,1
1026,12,2,0,0,1,2.9011979870183366,0,1,0,36.901197987018335,2,1,1,1,1,0
574,9,2,4,0,4,4.0,2,4,2,27.0,2,1,2,1,1,0
919,60,2,0,1,1,3.438057467772642,1,1,0,24.56194253222736,2,1,1,2,1,0
212,27,0,9,0,0,2.0,2,4,1,50.0,1,1,2,2,1,1
39,9,2,4,0,2,4.0,2,3,0,24.0,2,1,1,2,1,0
411,33,4,1,0,3,3.0,2,2,2,35.0,2,1,2,3,1,1
208,24,2,9,0,2,2.0,3,2,2,21.0,1,1,1,1,1,0
466,24,3,4,0,1,4.0,1,2,2,29.0,2,0,1,1,1,1
1035,6,3,4,0,1,1.2813607891532135,1,1,1,27.562721578306427,1,1,1,2,1,0
476,39,2,1,2,2,2.951715374841169,2,4,2,24.0,2,1,1,2,1,0
189,18,0,3,0,2,1.0,1,4,2,33.0,0,1,2,2,1,1
554,9,2,7,0,3,4.0,1,4,1,67.0,2,1,2,3,1,1
107,12,2,0,0,3,2.0,2,2,2,32.0,2,1,1,2,1,0
166,18,2,3,0,0,4.0,1,2,2,33.0,2,1,1,2,1,0
678,18,2,4,0,1,3.0,1,1,0,26.0,2,1,1,2,1,0
742,24,1,3,2,2,4.0,2,4,0,22.0,1,1,1,2,1,1
719,9,0,4,0,1,4.0,2,2,2,34.0,2,1,2,3,1,1
871,18,3,3,0,1,4.0,1,3,1,40.0,1,1,1,3,1,1
580,18,4,0,0,4,3.0,2,3,0,30.0,0,1,2,2,1,0
756,15,4,4,4,2,3.0,2,4,3,39.0,2,2,2,2,1,1
828,30,4,2,0,3,2.9879753008877317,1,4,2,25.325316867258486,2,0,1,2,1,0
147,12,4,0,1,3,4.0,1,3,2,51.0,2,1,2,2,1,1
838,18,3,2,0,3,3.0,2,4,2,33.573550600048485,2,1,1,1,1,1
642,15,2,7,1,2,3.0,2,2,1,40.0,2,1,1,3,1,1
128,12,4,1,0,0,4.0,2,2,2,34.0,2,1,2,3,1,1
824,24,3,9,0,2,3.0,2,3,1,26.748920639421286,2,1,2,1,1,0
459,18,2,4,0,1,3.0,2,2,2,32.0,2,1,1,2,1,1
621,18,4,0,0,2,3.0,2,2,1,32.0,0,1,2,2,1,0
908,24,3,7,0,1,2.0,1,3,2,24.67231491187133,1,1,2,2,1,1
436,6,2,6,2,3,2.0,3,4,0,23.0,2,0,1,1,1,0
25,6,2,3,0,2,1.0,2,2,0,36.0,0,1,1,1,1,1
507,15,1,0,1,0,1.0,2,2,1,34.0,2,1,1,3,2,1
245,24,2,9,0,3,4.0,2,1,0,25.0,2,1,1,2,1,1
358,12,2,4,0,2,4.0,3,2,0,28.0,2,1,1,2,1,0
559,18,4,3,0,1,2.0,2,2,0,31.0,2,1,2,1,1,0
98,36,4,4,0,4,4.0,2,4,0,36.0,2,1,1,2,1,0
193,6,2,4,0,3,2.0,3,2,0,29.0,2,0,1,2,1,0
737,6,4,0,0,3,1.0,2,3,3,45.0,2,1,2,3,2,1
1040,12,2,3,0,1,4.0,1,3,1,27.943044407591657,0,0,3,2,1,0
287,48,3,2,1,0,2.0,2,4,3,31.0,2,2,1,3,1,1
181,36,3,9,0,2,2.0,0,2,0,30.0,1,1,2,3,1,1
126,12,2,4,0,2,4.0,3,2,0,40.0,2,1,1,1,1,0
447,7,2,4,0,2,2.0,2,2,0,35.0,2,1,1,2,1,0
23,12,4,1,1,1,3.0,2,4,1,44.0,2,1,1,2,1,0
386,18,2,4,4,1,4.0,1,2,0,21.0,2,0,1,2,1,1
539,18,2,3,0,1,1.0,1,1,1,45.0,1,1,1,1,1,0
254,9,2,3,4,3,2.0,2,1,2,24.0,2,1,1,2,1,1
1056,18,3,3,0,1,4.0,2,2,2,33.0,2,1,1,2,1,0
30,18,2,9,3,1,3.0,3,3,0,36.0,0,1,1,2,1,1
47,6,2,1,2,0,1.0,1,2,1,23.0,2,0,1,0,1,1
301,36,0,4,0,2,4.0,1,1,2,42.0,2,1,1,2,1,1
290,12,2,9,0,2,2.0,3,2,0,26.0,2,1,1,2,1,1
582,9,2,3,0,2,4.0,1,2,0,26.0,2,0,1,2,1,0
839,60,3,4,1,2,2.0,2,3,2,23.72183047773389,2,1,1,2,1,0
78,54,0,1,4,2,2.0,2,2,1,39.0,2,1,1,1,2,0
710,6,1,7,0,4,4.0,1,4,3,35.0,2,2,1,2,1,0
578,36,4,0,0,1,4.0,0,4,2,27.0,2,1,2,2,1,0
283,15,4,3,4,4,4.0,2,4,1,63.0,2,1,1,2,1,0
491,27,0,9,0,4,2.0,1,4,3,42.0,2,2,2,3,1,1
308,8,2,3,0,2,3.0,1,4,0,24.0,2,1,1,2,1,0
1051,6,3,8,4,2,1.005040132957224,1,3,1,38.99495986704277,2,1,1,1,1,0
186,9,1,1,0,4,2.0,1,4,3,74.0,0,2,1,3,2,1
213,30,3,9,0,4,4.0,2,4,0,66.0,2,1,1,3,1,1
55,6,1,0,4,2,1.0,2,2,0,26.0,1,1,1,1,2,0
903,59,0,3,0,3,3.0,1,4,3,59.69755148821588,0,1,1,2,1,1
440,12,2,0,0,4,4.0,2,4,2,39.0,2,1,1,3,1,1
1050,12,4,6,1,4,4.0,2,4,1,56.421922586910284,2,0,1,1,1,0
302,24,4,0,4,3,4.0,2,2,0,37.0,0,1,2,1,2,0
402,24,3,9,0,1,2.0,2,2,2,27.0,0,1,2,2,1,1
792,24,2,3,0,4,3.0,0,4,3,51.0,2,2,1,2,1,0
329,6,2,4,0,4,4.0,2,4,2,28.0,2,1,1,2,2,0
163,10,2,0,0,0,2.0,2,4,3,70.0,0,2,1,3,1,1
1004,9,2,0,1,2,4.0,2,3,1,27.609112976354314,2,1,1,1,1,0
196,6,4,4,0,2,1.0,1,1,2,28.0,2,1,2,2,1,1
665,24,4,2,0,0,4.0,2,2,3,27.0,0,1,2,3,1,1
482,30,2,3,3,4,4.0,1,4,1,57.0,2,0,2,2,1,1
401,18,4,9,4,2,4.0,3,4,0,28.0,0,1,2,2,1,0
986,15,2,4,2,3,3.8866060821249153,2,2,1,47.0,1,1,1,1,1,0
613,24,1,1,0,2,1.0,1,4,2,22.0,0,0,1,2,1,0
876,36,2,3,0,1,4.0,1,1,3,29.036117092745666,2,0,1,3,1,1
1046,12,2,3,0,1,3.6452865502986658,2,1,1,21.177356724850668,1,1,1,1,1,0
319,15,3,3,0,4,1.0,1,4,1,27.0,2,1,2,1,1,0
109,14,2,9,2,4,1.0,3,2,0,35.0,2,1,1,2,1,1
484,12,4,0,2,2,4.0,2,4,0,44.0,2,1,1,2,1,1
959,48,0,4,0,2,3.228107787436687,1,3,3,54.36864672462012,2,1,1,2,1,0
786,48,4,1,4,4,4.0,2,3,2,38.0,2,1,2,2,2,1
1027,12,4,1,0,4,4.0,2,3,0,54.0536392733995,2,1,1,2,1,0
805,15,1,0,0,0,1.0690575627335024,2,2,1,33.861884874533,2,1,1,2,1,1
640,18,2,7,0,0,4.0,1,1,0,27.0,2,1,1,0,1,0
284,24,4,0,1,1,4.0,0,2,2,37.0,2,1,1,2,1,1
511,36,2,1,0,2,2.0,2,2,3,32.0,2,2,1,3,1,1
669,30,4,4,0,4,4.0,2,4,1,47.0,2,1,1,2,1,0
132,15,2,3,0,1,2.0,2,3,1,27.0,0,1,2,1,1,0
694,6,2,1,2,2,2.0,2,4,1,50.0,2,0,1,2,1,0
490,12,4,4,0,4,2.0,2,2,3,26.0,2,1,2,2,1,0
1042,15,3,4,2,2,2.421394787993977,2,2,1,47.0,1,1,1,1,1,0
296,12,2,1,4,1,1.0,1,4,2,20.0,2,0,1,2,1,0
696,12,4,0,0,0,1.0,1,2,1,38.0,2,1,1,0,1,0
779,39,4,4,0,3,2.0,2,2,0,25.0,2,1,2,2,1,0
257,12,1,4,0,2,4.0,0,1,3,29.0,2,2,1,2,1,0
803,34,4,3,0,1,1.642678614194164,1,4,1,23.0,2,0,2,2,1,0
711,21,2,1,4,4,4.0,2,4,0,46.0,2,1,1,3,1,1
10,12,2,0,0,1,3.0,1,1,2,25.0,2,0,1,2,1,0
206,12,4,3,0,4,4.0,2,4,0,43.0,2,1,3,2,1,1
431,24,2,2,0,2,2.0,2,3,2,29.0,0,1,2,3,1,1
740,10,1,4,0,2,4.0,2,4,0,23.0,1,1,1,1,1,0
827,17,1,0,1,1,2.9597777981075537,2,3,1,34.979888899053776,2,1,1,1,2,1
928,7,4,0,0,3,1.512300669000148,2,3,2,44.48769933099985,2,0,2,2,1,1
787,48,3,7,0,4,4.0,2,4,3,50.0,2,2,1,2,1,0
172,24,3,3,0,0,3.0,1,2,1,34.0,2,1,1,3,1,1
167,11,2,3,3,1,4.0,1,1,0,20.0,2,1,1,2,1,0
736,18,2,0,1,2,3.0,2,4,2,35.0,2,1,1,1,2,1
927,24,2,2,4,0,1.3574715982219876,1,2,1,28.57011360711205,2,0,1,2,1,1
235,24,2,4,0,0,4.0,2,2,2,30.0,1,1,1,3,2,0
607,36,2,4,1,2,4.0,1,4,3,50.0,2,2,1,2,1,0
727,48,1,9,0,4,4.0,1,3,3,59.0,2,0,1,2,1,0
